{
    "$schema": "https://schema.management.azure.com/schemas/2015-01-01/deploymentParameters.json#",
    "contentVersion": "1.0.0.0",
    "parameters": {
        "vaults_automlws4441599955_name": {
            "value": null
        },
        "storageAccounts_automloutput_name": {
            "value": null
        },
        "components_automlws1144117288_name": {
            "value": null
        },
        "storageAccounts_automlws7608134840_name": {
            "value": null
        },
        "workspaces_automlws_name": {
            "value": null
        },
        "registries_automlwsregistry_name": {
            "value": null
        },
        "managedClusters_akscompute6d66220174d_name": {
            "value": null
        },
        "smartdetectoralertrules_failure_anomalies___automlws1144117288_name": {
            "value": null
        },
        "actiongroups_application_insights_smart_detection_externalid": {
            "value": null
        },
        "publicIPAddresses_774b1c9c_6875_45ec_bdb3_7c2ff97e5d14_externalid": {
            "value": null
        }
    }
}